{
    "sign_version": {
        "major": 1,
        "minor": 1,
        "revision": 0,
        "build_number": 0
    },
    "binary_size": 341468,
    "core_type": 1,
    "composition_data": {
        "cid": 89,
        "pid": 0,
        "vid": 0,
        "crpl": 10,
        "features": 3,
        "elements": [
            {
                "location": 1,
                "sig_models": [
                    0,
                    2,
                    5120,
                    5122
                ],
                "vendor_models": []
            }
        ]
    },
    "composition_hash": 2119594121,
    "encoded_metadata": "0101000000000000dc3505018970567e0100",
    "firmware_id": "59000101000000000000"
}