{
    "sign_version": {
        "major": 0,
        "minor": 9,
        "revision": 0,
        "build_number": 0
    },
    "binary_size": 429368,
    "core_type": 1,
    "composition_data": {
        "cid": 89,
        "pid": 0,
        "vid": 0,
        "crpl": 10,
        "features": 7,
        "elements": [
            {
                "location": 1,
                "sig_models": [
                    0,
                    2,
                    5121,
                    5123,
                    5120,
                    5124
                ],
                "vendor_models": []
            },
            {
                "location": 2,
                "sig_models": [
                    5120,
                    5122
                ],
                "vendor_models": []
            }
        ]
    },
    "composition_hash": 3321601854,
    "encoded_metadata": "0009000000000000388d06013e9ffbc50200",
    "firmware_id": "59000009000000000000"
}